X,Y
0.1,0.045
0.102,0.04
0.104,0.115
0.106,0.175
0.108,0.1
0.11,-0.005
0.112,-0.005
0.114,-0.005
0.116,-0.075
0.118,0.04
0.12,0.22
0.122,0.075
0.124,0.15
0.126,0.205
0.128,0.18
0.13,0.15
0.132,0.11
0.134,0.15
0.136,0.13
0.138,0.09
0.14,0.105
0.142,0.055
0.144,0.085
0.146,0.16
0.148,0.2
0.15,0.18
0.152,0.15
0.154,0.125
0.156,0.1
0.158,0.09
0.16,0.125
0.162,0.22
0.164,0.27
0.166,0.26
0.168,0.325
0.17,0.34
0.172,0.275
0.174,0.265
0.176,0.175
0.178,0.155
0.18,0.215
0.182,0.335
0.184,0.275
0.186,0.185
0.188,0.19
0.19,0.28
0.192,0.45
0.194,0.405
0.196,0.26
0.198,0.225
0.2,0.27
0.202,0.29
0.204,0.275
0.206,0.225
0.208,0.34
0.21,0.365
0.212,0.25
0.214,0.275
0.216,0.3
0.218,0.3
0.22,0.25
0.222,0.25
0.224,0.27
0.226,0.29
0.228,0.245
0.23,0.165
0.232,0.15
0.234,0.13
0.236,0.05
0.238,0.085
0.24,0.235
0.242,0.205
0.244,0.125
0.246,0.14
0.248,0.12
0.25,0.15
0.252,0.09
0.254,0
0.256,-0.085
0.258,-0.05
0.26,0.065
0.262,0.12
0.264,0.135
0.266,0.125
0.268,0.12
0.27,0.04
0.272,0.01
0.274,-0.05
0.276,-0.175
0.278,-0.025
0.28,0.06
0.282,0.05
0.284,0.05
0.286,0.03
0.288,-0.01
0.29,0
0.292,-0.065
0.294,-0.175
0.296,-0.14
0.298,0.035
0.3,0.155
0.302,0.025
0.304,0.055
0.306,0.015
0.308,-0.03
0.31,0.005
0.312,0.02
0.314,-0.055
0.316,-0.095
0.318,-0.095
0.32,-0.09
0.322,-0.13
0.324,-0.03
0.326,0.13
0.328,0.08
0.33,0.045
0.332,0.02
0.334,-0.03
0.336,-0.04
0.338,-0.055
0.34,-0.12
0.342,-0.05
0.344,0.03
0.346,0.05
0.348,0.055
0.35,0.015
0.352,-0.065
0.354,-0.1
0.356,-0.04
0.358,-0.01
0.36,-0.055
0.362,0.025
0.364,-0.01
0.366,-0.025
0.368,0
0.37,0
0.372,0
0.374,-0.03
0.376,-0.1
0.378,-0.13
0.38,-0.02
0.382,0.09
0.384,0.04
0.386,0.085
0.388,0.12
0.39,0.005
0.392,-0.155
0.394,-0.22
0.396,-0.18
0.398,0.015
0.4,0.11
0.402,0.065
0.404,0.105
0.406,0.07
0.408,0.05
0.41,0.015
0.412,-0.095
0.414,-0.14
0.416,-0.1
0.418,-0.07
0.42,-0.04
0.422,-0.01
0.424,-0.04
0.426,-0.02
0.428,-0.025
0.43,0.075
0.432,-0.005
0.434,-0.035
0.436,-0.05
0.438,-0.06
0.44,-0.1
0.442,-0.015
0.444,0.05
0.446,0.02
0.448,0.01
0.45,0.025
0.452,-0.105
0.454,-0.12
0.456,-0.095
0.458,-0.095
0.46,-0.06
0.462,0
0.464,-0.045
0.466,-0.07
0.468,0.09
0.47,0
0.472,-0.09
0.474,-0.07
0.476,-0.075
0.478,-0.105
0.48,-0.08
0.482,-0.025
0.484,-0.03
0.486,0.005
0.488,-0.05
0.49,0.025
0.492,-0.06
0.494,-0.115
0.496,-0.075
0.498,-0.045
0.5,-0.035
0.502,0.025
0.504,0.015
0.506,0.02
0.508,0.015
0.51,-0.01
0.512,-0.185
0.514,-0.13
0.516,-0.105
0.518,-0.11
0.52,-0.05
0.522,-0.01
0.524,-0.02
0.526,-0.03
0.528,0.015
0.53,-0.045
0.532,-0.195
0.534,-0.14
0.536,-0.065
0.538,-0.02
0.54,-0.065
0.542,-0.045
0.544,0.03
0.546,-0.015
0.548,-0.01
0.55,-0.095
0.552,-0.17
0.554,-0.075
0.556,-0.05
0.558,-0.015
0.56,-0.065
0.562,-0.015
0.564,0.07
0.566,0.035
0.568,-0.05
0.57,-0.055
0.572,-0.065
0.574,-0.075
0.576,-0.07
0.578,-0.11
0.58,-0.06
0.582,-0.055
0.584,-0.015
0.586,0.065
0.588,0.02
0.59,-0.035
0.592,-0.08
0.594,-0.2
0.596,-0.275
0.598,-0.13
0.6,0.105
0.602,0.115
0.604,0.115
0.606,0.165
0.608,0.08
0.61,0.04
0.612,0
0.614,-0.065
0.616,-0.04
0.618,0.005
0.62,-0.005
0.622,0.01
0.624,0.04
0.626,0.02
0.628,0.08
0.63,0.005
0.632,-0.04
0.634,-0.03
0.636,-0.015
0.638,-0.06
0.64,-0.025
0.642,0.01
0.644,0
0.646,0.065
0.648,-0.05
0.65,-0.21
0.652,-0.275
0.654,-0.165
0.656,0.05
0.658,0.085
0.66,0.02
0.662,0
0.664,-0.03
0.666,-0.035
0.668,-0.02
0.67,-0.025
0.672,-0.04
0.674,-0.14
0.676,-0.12
0.678,-0.06
0.68,-0.06
0.682,-0.015
0.684,-0.065
0.686,-0.125
0.688,-0.05
0.69,-0.12
0.692,-0.21
0.694,-0.21
0.696,-0.115
0.698,-0.135
0.7,-0.03
0.702,-0.01
0.704,0
0.706,-0.035
0.708,-0.1
0.71,-0.11
0.712,-0.095
0.714,0
0.716,-0.06
0.718,-0.18
0.72,-0.225
0.722,-0.04
0.724,0.03
0.726,-0.02
0.728,-0.105
0.73,-0.15
0.732,-0.185
0.734,-0.085
0.736,-0.09
0.738,-0.26
0.74,-0.165
0.742,0.02
0.744,0.015
0.746,0.03
0.748,0.105
0.75,0.11
0.752,0.175
0.754,0.28
0.756,0.4
0.758,0.45
0.76,0.585
0.762,0.715
0.764,0.85
0.766,0.85
0.768,0.815
0.77,0.67
0.772,0.57
0.774,0.42
0.776,0.305
0.778,0.2
0.78,0.025
0.782,-0.085
0.784,-0.135
0.786,-0.12
0.788,-0.03
0.79,-0.175
0.792,-0.195
0.794,-0.15
0.796,-0.15
0.798,-0.11
0.8,-0.05
0.802,0.01
0.804,0.01
0.806,-0.125
0.808,-0.16
0.81,-0.15
0.812,-0.24
0.814,-0.08
0.816,0
0.818,-0.015
0.82,-0.035
0.822,-0.005
0.824,0.005
0.826,-0.045
0.828,-0.07
0.83,-0.125
0.832,-0.155
0.834,-0.235
0.836,-0.14
0.838,0.045
0.84,0.06
0.842,0.05
0.844,0.065
0.846,0.025
0.848,-0.05
0.85,-0.07
0.852,-0.06
0.854,-0.03
0.856,-0.08
0.858,-0.04
0.86,0.02
0.862,-0.015
0.864,-0.15
0.866,-0.15
0.868,0.075
0.87,-0.015
0.872,-0.035
0.874,-0.045
0.876,-0.025
0.878,-0.075
0.88,-0.12
0.882,-0.035
0.884,0.055
0.886,0.045
0.888,-0.005
0.89,-0.05
0.892,-0.035
0.894,-0.065
0.896,-0.01
0.898,0.005
0.9,0.035
0.902,0.06
0.904,0.065
0.906,0.05
0.908,-0.03
0.91,-0.03
0.912,-0.055
0.914,-0.115
0.916,0.045
0.918,0.13
0.92,0.155
0.922,0.11
0.924,0.125
0.926,0.125
0.928,0.035
0.93,-0.01
0.932,-0.015
0.934,0
0.936,0.025
0.938,0.055
0.94,-0.005
0.942,0.14
0.944,0.185
0.946,0.195
0.948,0.11
0.95,0.035
0.952,0.035
0.954,0.005
0.956,0.065
0.958,0.17
0.96,0.12
0.962,0.32
0.964,0.33
0.966,0.28
0.968,0.21
0.97,0.17
0.972,0.19
0.974,0.125
0.976,0.155
0.978,0.19
0.98,0.235
0.982,0.29
0.984,0.27
0.986,0.255
0.988,0.195
0.99,0.13
0.992,0.115
0.994,0.185
0.996,0.105
0.998,0.095
1,0.185
1.002,0.21
1.004,0.225
1.006,0.25
1.008,0.145
1.01,0.125
1.012,0.08
1.014,-0.03
1.016,0.005
1.018,0.19
1.02,0.215
1.022,0.215
1.024,0.16
1.026,0.07
1.028,0.01
1.03,0.06
1.032,0.03
1.034,-0.035
1.036,-0.14
1.038,0.025
1.04,0.085
1.042,0.08
1.044,0.04
1.046,0.03
1.048,-0.035
1.05,-0.11
1.052,-0.185
1.054,-0.175
1.056,-0.075
1.058,-0.03
1.06,-0.055
1.062,-0.03
1.064,-0.02
1.066,-0.04
1.068,-0.155
1.07,-0.145
1.072,-0.12
1.074,-0.13
1.076,-0.1
1.078,-0.055
1.08,-0.07
1.082,-0.07
1.084,-0.055
1.086,-0.05
1.088,-0.065
1.09,-0.06
1.092,-0.085
1.094,-0.08
1.096,-0.09
1.098,0.015
1.1,-0.025
1.102,-0.025
1.104,-0.05
1.106,-0.1
1.108,-0.095
1.11,-0.13
1.112,-0.22
1.114,-0.115
1.116,-0.145
1.118,-0.095
1.12,-0.03
1.122,0.015
1.124,-0.07
1.126,-0.105
1.128,-0.07
1.13,0.005
1.132,-0.13
1.134,-0.115
1.136,-0.105
1.138,-0.07
1.14,0.015
1.142,0.02
1.144,-0.035
1.146,-0.155
1.148,-0.075
1.15,-0.065
1.152,-0.11
1.154,-0.155
1.156,-0.14
1.158,-0.015
1.16,0.06
1.162,-0.01
1.164,-0.015
1.166,-0.045
1.168,-0.045
1.17,-0.02
1.172,-0.095
1.174,-0.12
1.176,-0.035
1.178,-0.005
1.18,0
1.182,-0.02
1.184,-0.09
1.186,-0.095
1.188,-0.04
1.19,-0.13
1.192,-0.175
1.194,-0.125
1.196,-0.085
1.198,0.02
1.2,0.05
1.202,0.035
1.204,-0.02
1.206,-0.09
1.208,-0.11
1.21,-0.155
1.212,-0.135
1.214,-0.02
1.216,-0.015
1.218,0.005
1.22,-0.01
1.222,-0.03
1.224,-0.105
1.226,-0.145
1.228,-0.1
1.23,-0.19
1.232,-0.2
1.234,-0.185
1.236,-0.1
1.238,-0.05
1.24,0.025
1.242,-0.005
1.244,-0.105
1.246,-0.055
1.248,-0.055
1.25,-0.06
1.252,-0.13
1.254,-0.09
1.256,-0.025
1.258,-0.07
1.26,0.005
1.262,-0.04
1.264,-0.105
1.266,-0.145
1.268,-0.09
1.27,-0.075
1.272,-0.105
1.274,-0.125
1.276,-0.11
1.278,0
1.28,-0.07
1.282,-0.075
1.284,-0.125
1.286,-0.205
1.288,-0.13
1.29,-0.08
1.292,-0.17
1.294,-0.24
1.296,-0.125
1.298,0.145
1.3,0.045
1.302,-0.05
1.304,-0.045
1.306,-0.065
1.308,-0.125
1.31,-0.12
1.312,-0.095
1.314,-0.09
1.316,-0.065
1.318,-0.05
1.32,-0.01
1.322,-0.025
1.324,-0.155
1.326,-0.155
1.328,-0.125
1.33,-0.075
1.332,-0.09
1.334,-0.09
1.336,-0.06
1.338,-0.075
1.34,-0.11
1.342,-0.17
1.344,-0.115
1.346,-0.08
1.348,-0.065
1.35,-0.11
1.352,-0.075
1.354,-0.025
1.356,-0.01
1.358,0.01
1.36,-0.03
1.362,-0.055
1.364,-0.105
1.366,-0.12
1.368,-0.11
1.37,-0.15
1.372,-0.065
1.374,0.005
1.376,0.015
1.378,-0.055
1.38,-0.09
1.382,-0.07
1.384,-0.02
1.386,0.005
1.388,0.045
1.39,-0.09
1.392,-0.08
1.394,0
1.396,0.09
1.398,0.07
1.4,0.055
1.402,-0.07
1.404,-0.155
1.406,-0.08
1.408,-0.085
1.41,-0.025
1.412,0.015
1.414,0.005
1.416,-0.02
1.418,-0.025
1.42,-0.045
1.422,-0.04
1.424,-0.035
1.426,-0.14
1.428,-0.255
1.43,-0.215
1.432,-0.135
1.434,-0.03
1.436,-0.005
1.438,0.04
1.44,-0.035
1.442,-0.195
1.444,-0.23
1.446,-0.115
1.448,-0.145
1.45,-0.095
1.452,-0.03
1.454,-0.015
1.456,-0.05
1.458,-0.095
1.46,-0.125
1.462,-0.165
1.464,-0.12
1.466,-0.11
1.468,-0.115
1.47,-0.185
1.472,-0.1
1.474,-0.015
1.476,-0.025
1.478,0.01
1.48,-0.045
1.482,-0.085
1.484,-0.135
1.486,-0.19
1.488,-0.155
1.49,-0.11
1.492,-0.12
1.494,-0.1
1.496,-0.06
1.498,-0.04
1.5,-0.035
1.502,-0.125
1.504,-0.155
1.506,-0.235
1.508,-0.235
1.51,-0.22
1.512,-0.135
1.514,-0.065
1.516,-0.135
1.518,-0.17
1.52,-0.085
1.522,-0.085
1.524,-0.05
1.526,0.02
1.528,-0.04
1.53,0.06
1.532,0.16
1.534,0.295
1.536,0.495
1.538,0.565
1.54,0.675
1.542,0.8
1.544,0.81
1.546,0.755
1.548,0.7
1.55,0.6
1.552,0.475
1.554,0.385
1.556,0.315
1.558,0.24
1.56,0.03
1.562,-0.115
1.564,-0.21
1.566,-0.26
1.568,-0.3
1.57,-0.265
1.572,-0.18
1.574,-0.14
1.576,-0.09
1.578,0
1.58,-0.01
1.582,-0.025
1.584,-0.145
1.586,-0.2
1.588,-0.285
1.59,-0.16
1.592,-0.025
1.594,-0.05
1.596,-0.035
1.598,-0.03
1.6,-0.01
1.602,-0.005
1.604,-0.07
1.606,-0.145
1.608,-0.185
1.61,-0.165
1.612,-0.13
1.614,-0.125
1.616,-0.1
1.618,-0.025
1.62,0.11
1.622,-0.015
1.624,-0.105
1.626,-0.05
1.628,-0.075
1.63,-0.095
1.632,-0.03
1.634,0.01
1.636,-0.02
1.638,-0.01
1.64,-0.095
1.642,-0.095
1.644,-0.03
1.646,-0.075
1.648,-0.04
1.65,-0.075
1.652,0.005
1.654,0.045
1.656,0
1.658,0.01
1.66,-0.135
1.662,-0.085
1.664,-0.01
1.666,-0.03
1.668,-0.075
1.67,-0.04
1.672,-0.06
1.674,-0.03
1.676,-0.015
1.678,-0.015
1.68,-0.065
1.682,-0.085
1.684,-0.085
1.686,0
1.688,0.1
1.69,0.04
1.692,-0.06
1.694,0.07
1.696,0.085
1.698,0.05
1.7,0.01
1.702,0.015
1.704,0
1.706,0.015
1.708,-0.02
1.71,0.035
1.712,0.095
1.714,0.115
1.716,0.14
1.718,0.195
1.72,0.08
1.722,-0.03
1.724,0.01
1.726,-0.03
1.728,0.105
1.73,0.08
1.732,0.045
1.734,0.14
1.736,0.23
1.738,0.23
1.74,0.125
1.742,0.09
1.744,0.2
1.746,0.165
1.748,0.1
1.75,0.14
1.752,0.205
1.754,0.245
1.756,0.28
1.758,0.215
1.76,0.055
1.762,0.02
1.764,0.19
1.766,0.205
1.768,0.195
1.77,0.175
1.772,0.25
1.774,0.31
1.776,0.22
1.778,0.215
1.78,0.22
1.782,0.145
1.784,0.165
1.786,0.14
1.788,0.13
1.79,0.085
1.792,0.16
1.794,0.175
1.796,0.14
1.798,0.165
1.8,0.045
1.802,0.015
1.804,-0.025
1.806,0.015
1.808,-0.02
1.81,0.03
1.812,0.075
1.814,0.03
1.816,0.03
1.818,-0.025
1.82,-0.175
1.822,-0.025
1.824,0.01
1.826,-0.015
1.828,-0.045
1.83,-0.015
1.832,-0.02
1.834,-0.07
1.836,-0.05
1.838,0.03
1.84,0
1.842,-0.025
1.844,-0.03
1.846,-0.045
1.848,-0.21
1.85,-0.095
1.852,-0.055
1.854,-0.045
1.856,-0.045
1.858,-0.07
1.86,-0.07
1.862,-0.15
1.864,-0.145
1.866,-0.09
1.868,-0.065
1.87,-0.045
1.872,-0.04
1.874,-0.06
1.876,-0.055
1.878,-0.135
1.88,-0.2
1.882,-0.17
1.884,-0.16
1.886,-0.14
1.888,-0.09
1.89,-0.005
1.892,0.045
1.894,0.04
1.896,-0.015
1.898,0.005
1.9,-0.1
1.902,-0.165
1.904,-0.11
1.906,-0.12
1.908,-0.12
1.91,-0.11
1.912,-0.055
1.914,-0.05
1.916,-0.01
1.918,-0.02
1.92,0.02
1.922,-0.11
1.924,-0.115
1.926,-0.16
1.928,-0.14
1.93,-0.115
1.932,-0.07
1.934,-0.02
1.936,-0.075
1.938,-0.055
1.94,-0.035
1.942,-0.11
1.944,-0.07
1.946,-0.04
1.948,-0.07
1.95,-0.05
1.952,-0.02
1.954,0.035
1.956,-0.02
1.958,-0.015
1.96,-0.08
1.962,-0.15
1.964,-0.23
1.966,-0.095
1.968,-0.095
1.97,-0.085
1.972,0.045
1.974,0.015
1.976,0.01
1.978,-0.025
1.98,-0.065
1.982,-0.105
1.984,-0.1
1.986,-0.155
1.988,-0.165
1.99,-0.13
1.992,-0.065
1.994,0.02
1.996,0.065
1.998,-0.03
2,-0.1
2.002,-0.125
2.004,-0.14
2.006,-0.11
2.008,-0.11
2.01,-0.09
2.012,0.015
2.014,-0.01
2.016,-0.03
2.018,-0.06
2.02,-0.055
2.022,-0.115
2.024,-0.155
2.026,-0.095
2.028,-0.12
2.03,-0.08
2.032,-0.03
2.034,-0.02
2.036,-0.12
2.038,-0.035
2.04,0.03
2.042,-0.125
2.044,-0.105
2.046,-0.115
2.048,-0.095
2.05,-0.045
2.052,-0.045
2.054,-0.06
2.056,-0.095
2.058,-0.085
2.06,-0.13
2.062,-0.195
2.064,-0.145
2.066,-0.125
2.068,-0.04
2.07,-0.005
2.072,-0.015
2.074,-0.025
2.076,-0.12
2.078,-0.195
2.08,-0.12
2.082,-0.08
2.084,-0.1
2.086,-0.06
2.088,-0.03
2.09,0.005
2.092,0.005
2.094,-0.03
2.096,-0.06
2.098,-0.1
2.1,-0.305
2.102,-0.195
2.104,-0.045
2.106,-0.08
2.108,-0.095
2.11,-0.055
2.112,-0.03
2.114,0
2.116,0.05
2.118,0
2.12,-0.155
2.122,-0.28
2.124,-0.36
2.126,-0.23
2.128,-0.07
2.13,0.01
2.132,0.025
2.134,-0.01
2.136,-0.035
2.138,-0.09
2.14,-0.17
2.142,-0.275
2.144,-0.24
2.146,-0.09
2.148,-0.03
2.15,0.025
2.152,-0.02
2.154,-0.02
2.156,0.03
2.158,-0.01
2.16,-0.09
2.162,-0.12
2.164,-0.14
2.166,-0.2
2.168,-0.095
2.17,0.025
2.172,0.085
2.174,-0.08
2.176,-0.045
2.178,-0.005
2.18,-0.07
2.182,-0.055
2.184,-0.06
2.186,-0.055
2.188,-0.145
2.19,0.01
2.192,0.01
2.194,-0.065
2.196,0.015
2.198,0.03
2.2,-0.045
2.202,-0.135
2.204,-0.12
2.206,-0.085
2.208,-0.14
2.21,-0.115
2.212,0.065
2.214,0.1
2.216,0.025
2.218,-0.055
2.22,-0.12
2.222,-0.11
2.224,-0.2
2.226,-0.19
2.228,-0.12
2.23,-0.03
2.232,-0.035
2.234,-0.025
2.236,-0.06
2.238,-0.07
2.24,-0.075
2.242,-0.21
2.244,-0.23
2.246,-0.135
2.248,-0.085
2.25,-0.085
2.252,-0.09
2.254,-0.115
2.256,-0.115
2.258,-0.11
2.26,-0.115
2.262,-0.12
2.264,-0.09
2.266,-0.04
2.268,-0.05
2.27,-0.115
2.272,-0.125
2.274,-0.175
2.276,-0.075
2.278,-0.065
2.28,-0.225
2.282,-0.23
2.284,-0.225
2.286,-0.2
2.288,-0.14
2.29,-0.075
2.292,-0.085
2.294,-0.005
2.296,-0.075
2.298,-0.11
2.3,-0.155
2.302,-0.17
2.304,-0.205
2.306,-0.215
2.308,-0.2
2.31,-0.095
2.312,-0.055
2.314,-0.17
2.316,-0.185
2.318,-0.105
2.32,-0.08
2.322,-0.065
2.324,-0.01
2.326,0.05
2.328,0.115
2.33,0.18
2.332,0.32
2.334,0.48
2.336,0.575
2.338,0.54
2.34,0.575
2.342,0.66
2.344,0.71
2.346,0.72
2.348,0.695
2.35,0.51
2.352,0.49
2.354,0.38
2.356,0.205
2.358,0.04
2.36,-0.05
2.362,-0.195
2.364,-0.275
2.366,-0.175
2.368,-0.21
2.37,-0.08
2.372,-0.025
2.374,-0.09
2.376,-0.11
2.378,-0.095
2.38,-0.05
2.382,-0.15
2.384,-0.085
2.386,-0.105
2.388,-0.01
2.39,-0.04
2.392,-0.02
2.394,-0.035
2.396,-0.06
2.398,-0.095
2.4,-0.105
2.402,-0.15
2.404,-0.205
2.406,-0.22
2.408,-0.095
2.41,-0.03
2.412,-0.03
2.414,-0.025
2.416,-0.07
2.418,-0.025
2.42,-0.085
2.422,-0.1
2.424,-0.135
2.426,-0.155
2.428,-0.055
2.43,0
2.432,0.015
2.434,-0.035
2.436,0.01
2.438,-0.065
2.44,-0.015
2.442,-0.105
2.444,-0.2
2.446,-0.1
2.448,-0.015
2.45,-0.025
2.452,-0.035
2.454,-0.085
2.456,-0.11
2.458,0.03
2.46,0.08
2.462,-0.035
2.464,-0.05
2.466,-0.03
2.468,0.035
2.47,0.055
2.472,0.065
2.474,-0.045
2.476,-0.12
2.478,-0.065
2.48,-0.15
2.482,-0.255
2.484,-0.075
2.486,0.06
2.488,0.12
2.49,0.095
2.492,0.075
2.494,0.065
2.496,0.06
2.498,0
2.5,-0.04
2.502,0.01
2.504,0.015
2.506,0.02
2.508,0.015
2.51,-0.035
2.512,0.04
2.514,0.055
2.516,0.105
2.518,0.08
2.52,0.11
2.522,0.005
2.524,-0.005
2.526,0.09
2.528,0.145
2.53,0.15
2.532,0.2
2.534,0.21
2.536,0.11
2.538,0.02
2.54,0.06
2.542,0.065
2.544,0.15
2.546,0.195
2.548,0.305
2.55,0.24
2.552,0.21
2.554,0.135
2.556,0.12
2.558,0.145
2.56,0.13
2.562,0.115
2.564,0.15
2.566,0.27
2.568,0.3
2.57,0.3
2.572,0.275
2.574,0.24
2.576,0.215
2.578,0.115
2.58,0.025
2.582,0.075
2.584,0.12
2.586,0.105
2.588,0.215
2.59,0.22
2.592,0.145
2.594,0.145
2.596,0.165
2.598,0.05
2.6,-0.01
2.602,0.025
2.604,0.005
2.606,0.075
2.608,0.045
2.61,0
2.612,0.065
2.614,-0.015
2.616,-0.06
2.618,-0.185
2.62,-0.185
2.622,0
2.624,0.07
2.626,0.105
2.628,0.025
2.63,0.025
2.632,-0.045
2.634,-0.055
2.636,0
2.638,-0.1
2.64,-0.14
2.642,-0.09
2.644,-0.11
2.646,-0.08
2.648,0
2.65,-0.04
2.652,-0.105
2.654,-0.15
2.656,-0.12
2.658,-0.13
2.66,-0.175
2.662,-0.13
2.664,-0.095
2.666,-0.125
2.668,-0.18
2.67,-0.055
2.672,0.09
2.674,-0.015
2.676,-0.125
2.678,-0.165
2.68,-0.175
2.682,-0.09
2.684,-0.23
2.686,-0.11
2.688,0.02
2.69,0.005
2.692,0.005
2.694,-0.03
2.696,-0.15
2.698,-0.145
2.7,-0.16
2.702,-0.195
2.704,-0.165
2.706,-0.04
2.708,0.04
2.71,-0.025
2.712,-0.06
2.714,-0.015
2.716,-0.115
2.718,-0.135
2.72,-0.155
2.722,-0.05
2.724,-0.03
2.726,-0.08
2.728,-0.14
2.73,-0.09
2.732,-0.005
2.734,-0.055
2.736,-0.145
2.738,-0.155
2.74,-0.16
2.742,-0.105
2.744,-0.03
2.746,-0.02
2.748,0.005
2.75,-0.005
2.752,-0.015
2.754,-0.065
2.756,-0.115
2.758,-0.085
2.76,-0.145
2.762,-0.075
2.764,-0.075
2.766,-0.06
2.768,-0.03
2.77,0.045
2.772,-0.025
2.774,-0.095
2.776,-0.065
2.778,-0.045
2.78,-0.095
2.782,0.005
2.784,-0.09
2.786,-0.09
2.788,-0.005
2.79,0.02
2.792,-0.07
2.794,-0.11
2.796,-0.12
2.798,-0.155
2.8,-0.135
2.802,-0.14
2.804,-0.075
2.806,-0.005
2.808,-0.025
2.81,-0.055
2.812,-0.015
2.814,-0.03
2.816,-0.11
2.818,-0.125
2.82,-0.085
2.822,-0.13
2.824,-0.105
2.826,-0.01
2.828,0.07
2.83,0.005
2.832,-0.035
2.834,-0.095
2.836,-0.165
2.838,-0.08
2.84,-0.185
2.842,-0.155
2.844,-0.07
2.846,-0.035
2.848,-0.04
2.85,-0.02
2.852,-0.025
2.854,-0.09
2.856,-0.2
2.858,-0.095
2.86,-0.09
2.862,-0.085
2.864,-0.02
2.866,-0.01
2.868,-0.045
2.87,-0.055
2.872,-0.07
2.874,-0.12
2.876,-0.15
2.878,-0.21
2.88,-0.21
2.882,0
2.884,-0.005
2.886,-0.015
2.888,-0.035
2.89,0
2.892,-0.03
2.894,-0.13
2.896,-0.165
2.898,-0.185
2.9,-0.145
2.902,-0.1
2.904,-0.145
2.906,-0.165
2.908,-0.125
2.91,0.06
2.912,0.02
2.914,-0.055
2.916,-0.125
2.918,-0.11
2.92,-0.145
2.922,-0.14
2.924,-0.095
2.926,-0.025
2.928,-0.01
2.93,-0.02
2.932,-0.105
2.934,-0.145
2.936,-0.11
2.938,-0.125
2.94,-0.08
2.942,-0.02
2.944,0.035
2.946,0.005
2.948,-0.05
2.95,-0.03
2.952,-0.095
2.954,-0.07
2.956,-0.09
2.958,-0.24
2.96,-0.17
2.962,-0.045
2.964,-0.01
2.966,-0.01
2.968,-0.02
2.97,-0.02
2.972,-0.03
2.974,-0.095
2.976,-0.12
2.978,-0.12
2.98,-0.105
2.982,-0.105
2.984,0.01
2.986,0.065
2.988,0.085
2.99,0.05
2.992,-0.005
2.994,-0.09
2.996,-0.135
2.998,-0.035
3,-0.005
3.002,0
3.004,0.02
3.006,0.05
3.008,0.03
3.01,0.025
3.012,0.05
3.014,-0.045
3.016,-0.02
3.018,-0.105
3.02,-0.195
3.022,-0.17
3.024,-0.11
3.026,-0.035
3.028,0.005
3.03,-0.03
3.032,-0.05
3.034,-0.095
3.036,-0.155
3.038,-0.255
3.04,-0.215
3.042,-0.17
3.044,-0.02
3.046,0.11
3.048,0.055
3.05,0
3.052,-0.08
3.054,-0.105
3.056,-0.165
3.058,-0.13
3.06,-0.07
3.062,-0.07
3.064,-0.095
3.066,-0.075
3.068,-0.005
3.07,-0.015
3.072,-0.05
3.074,-0.17
3.076,-0.15
3.078,-0.16
3.08,-0.18
3.082,-0.105
3.084,-0.05
3.086,-0.04
3.088,0.025
3.09,-0.09
3.092,-0.11
3.094,-0.105
3.096,-0.14
3.098,-0.16
3.1,-0.095
3.102,-0.07
3.104,-0.04
3.106,-0.08
3.108,-0.09
3.11,-0.105
3.112,-0.165
3.114,-0.24
3.116,-0.26
3.118,-0.205
3.12,-0.19
3.122,-0.04
3.124,-0.02
3.126,0.095
3.128,0.225
3.13,0.23
3.132,0.31
3.134,0.295
3.136,0.39
3.138,0.6
3.14,0.715
3.142,0.845
3.144,0.83
3.146,0.815
3.148,0.755
3.15,0.62
3.152,0.47
3.154,0.455
3.156,0.39
3.158,0.205
3.16,0.02
3.162,-0.01
3.164,-0.105
3.166,-0.065
3.168,-0.05
3.17,-0.12
3.172,-0.12
3.174,-0.145
3.176,-0.12
3.178,-0.07
3.18,-0.045
3.182,-0.02
3.184,-0.075
3.186,-0.02
3.188,-0.015
3.19,0
3.192,0.035
3.194,-0.07
3.196,-0.12
3.198,-0.105
3.2,-0.045
3.202,-0.015
3.204,-0.03
3.206,-0.125
3.208,-0.16
3.21,-0.04
3.212,-0.09
3.214,-0.125
3.216,-0.055
3.218,-0.05
3.22,-0.095
3.222,-0.035
3.224,0.01
3.226,0.045
3.228,-0.06
3.23,-0.13
3.232,-0.055
3.234,0
3.236,-0.055
3.238,-0.11
3.24,-0.12
3.242,0.04
3.244,0.12
3.246,0.085
3.248,0.05
3.25,0.05
3.252,-0.005
3.254,-0.02
3.256,0.015
3.258,-0.145
3.26,-0.13
3.262,0.05
3.264,0.075
3.266,0.045
3.268,0.04
3.27,-0.025
3.272,-0.105
3.274,-0.135
3.276,0
3.278,0.01
3.28,-0.05
3.282,0.02
3.284,0.06
3.286,0.085
3.288,0.05
3.29,0.025
3.292,0.085
3.294,-0.03
3.296,-0.035
3.298,-0.045
3.3,-0.025
3.302,0.06
3.304,0.05
3.306,0.09
3.308,0.14
3.31,0.145
3.312,0.045
3.314,0.1
3.316,0.065
3.318,0.11
3.32,0.1
3.322,0.185
3.324,0.195
3.326,0.165
3.328,0.215
3.33,0.14
3.332,0.075
3.334,0.15
3.336,0.09
3.338,0.165
3.34,0.225
3.342,0.235
3.344,0.22
3.346,0.23
3.348,0.16
3.35,0.09
3.352,0.26
3.354,0.215
3.356,0.105
3.358,0.245
3.36,0.335
3.362,0.37
3.364,0.25
3.366,0.225
3.368,0.28
3.37,0.265
3.372,0.195
3.374,0.17
3.376,0.24
3.378,0.25
3.38,0.295
3.382,0.31
3.384,0.3
3.386,0.275
3.388,0.235
3.39,0.145
3.392,0
3.394,-0.075
3.396,0.07
3.398,0.155
3.4,0.22
3.402,0.17
3.404,0.19
3.406,0.17
3.408,0.095
3.41,-0.025
3.412,-0.11
3.414,0
3.416,0.09
3.418,0.085
3.42,-0.025
3.422,-0.025
3.424,0.055
3.426,0.06
3.428,0.015
3.43,-0.02
3.432,0.005
3.434,-0.07
3.436,-0.08
3.438,0.02
3.44,0.01
3.442,0
3.444,0
3.446,-0.025
3.448,-0.15
3.45,-0.1
3.452,-0.07
3.454,-0.095
3.456,-0.16
3.458,-0.045
3.46,0.01
3.462,0
3.464,0
3.466,-0.04
3.468,-0.05
3.47,-0.05
3.472,-0.09
3.474,-0.12
3.476,-0.12
3.478,-0.17
3.48,-0.045
3.482,0.04
3.484,-0.08
3.486,-0.2
3.488,-0.135
3.49,-0.01
3.492,0.015
3.494,-0.05
3.496,-0.06
3.498,-0.045
3.5,-0.025
3.502,-0.05
3.504,0.04
3.506,0.05
3.508,-0.02
3.51,-0.08
3.512,-0.105
3.514,-0.11
3.516,-0.075
3.518,-0.13
3.52,-0.125
3.522,-0.15
3.524,-0.03
3.526,0.015
3.528,0.09
3.53,-0.005
3.532,-0.04
3.534,-0.14
3.536,-0.125
3.538,-0.045
3.54,-0.03
3.542,-0.015
3.544,0.04
3.546,0.06
3.548,0.04
3.55,-0.085
3.552,-0.095
3.554,-0.145
3.556,-0.13
3.558,-0.085
3.56,-0.045
3.562,-0.035
3.564,0.005
3.566,0.045
3.568,0.05
3.57,-0.045
3.572,-0.085
3.574,-0.105
3.576,-0.065
3.578,-0.075
3.58,-0.04
3.582,-0.025
3.584,0.04
3.586,0.005
3.588,-0.07
3.59,-0.06
3.592,0.01
3.594,-0.015
3.596,0.02
3.598,-0.105
3.6,-0.045
3.602,-0.005
3.604,-0.025
3.606,-0.035
3.608,-0.025
3.61,-0.09
3.612,-0.13
3.614,-0.105
3.616,-0.095
3.618,-0.095
3.62,-0.05
3.622,-0.03
3.624,0.05
3.626,0.025
3.628,-0.03
3.63,-0.1
3.632,-0.165
3.634,-0.185
3.636,-0.04
3.638,-0.06
3.64,-0.005
3.642,-0.035
3.644,-0.18
3.646,-0.045
3.648,0.02
3.65,0.005
3.652,-0.04
3.654,-0.09
3.656,-0.095
3.658,-0.14
3.66,-0.07
3.662,0.055
3.664,-0.045
3.666,-0.095
3.668,-0.03
3.67,-0.025
3.672,-0.045
3.674,-0.08
3.676,-0.04
3.678,-0.04
3.68,-0.115
3.682,-0.05
3.684,-0.05
3.686,-0.09
3.688,0.005
3.69,-0.12
3.692,-0.165
3.694,-0.145
3.696,-0.02
3.698,0.015
3.7,0
3.702,0.035
3.704,-0.035
3.706,-0.075
3.708,-0.085
3.71,-0.015
3.712,-0.025
3.714,-0.04
3.716,0.02
3.718,-0.045
3.72,-0.075
3.722,-0.06
3.724,-0.045
3.726,0.035
3.728,0.03
3.73,-0.04
3.732,-0.21
3.734,-0.11
3.736,0.04
3.738,0.065
3.74,0.12
3.742,0.13
3.744,0.09
3.746,0.035
3.748,0.03
3.75,-0.04
3.752,-0.06
3.754,-0.045
3.756,-0.03
3.758,-0.02
3.76,-0.025
3.762,-0.065
3.764,0.04
3.766,0.075
3.768,-0.015
3.77,-0.095
3.772,-0.125
3.774,-0.125
3.776,-0.105
3.778,-0.02
3.78,-0.025
3.782,-0.055
3.784,0
3.786,-0.025
3.788,-0.115
3.79,-0.12
3.792,-0.12
3.794,-0.1
3.796,-0.12
3.798,-0.1
3.8,-0.07
3.802,-0.035
3.804,0.02
3.806,0.045
3.808,0.01
3.81,-0.15
3.812,-0.265
3.814,-0.115
3.816,-0.18
3.818,-0.15
3.82,-0.035
3.822,0.035
3.824,-0.045
3.826,-0.015
3.828,-0.075
3.83,0.01
3.832,-0.045
3.834,-0.065
3.836,-0.04
3.838,-0.115
3.84,-0.075
3.842,-0.045
3.844,-0.075
3.846,-0.095
3.848,-0.14
3.85,-0.115
3.852,-0.13
3.854,-0.13
3.856,-0.12
3.858,-0.08
3.86,-0.12
3.862,-0.07
3.864,-0.03
3.866,-0.065
3.868,-0.04
3.87,-0.02
3.872,0.04
3.874,0.01
3.876,0.24
3.878,0.415
3.88,0.38
3.882,0.45
3.884,0.545
3.886,0.71
3.888,0.705
3.89,0.76
3.892,0.755
3.894,0.7
3.896,0.69
3.898,0.635
3.9,0.455
3.902,0.345
3.904,0.185
3.906,0.115
3.908,-0.095
3.91,-0.205
3.912,-0.28
3.914,-0.27
3.916,-0.09
3.918,-0.04
3.92,-0.055
3.922,-0.065
3.924,-0.015
3.926,-0.03
3.928,-0.045
3.93,-0.04
3.932,-0.095
3.934,-0.07
3.936,-0.05
3.938,-0.025
3.94,0.045
3.942,0.16
3.944,0.06
3.946,-0.055
3.948,-0.12
3.95,-0.12
3.952,-0.07
3.954,-0.095
3.956,-0.115
3.958,-0.09
3.96,0.025
3.962,0.175
3.964,0.06
3.966,-0.135
3.968,-0.06
3.97,-0.035
3.972,-0.1
3.974,-0.08
3.976,-0.025
3.978,0.02
3.98,0.065
3.982,0.105
3.984,0.085
3.986,0.105
3.988,0.01
3.99,-0.025
3.992,-0.08
3.994,-0.055
3.996,0.035
3.998,0.085
4,0.085
4.002,0.1
4.004,0.04
4.006,-0.01
4.008,-0.06
4.01,-0.07
4.012,-0.08
4.014,-0.045
4.016,0.03
4.018,0.055
4.02,0.045
4.022,0.065
4.024,0.005
4.026,-0.045
4.028,-0.09
4.03,-0.18
4.032,-0.09
4.034,-0.105
4.036,0.025
4.038,0.24
4.04,0.26
4.042,0.17
4.044,0.14
4.046,0.13
4.048,0.095
4.05,0.035
4.052,0.015
4.054,0.06
4.056,0.07
4.058,0.095
4.06,0.145
4.062,0.185
4.064,0.2
4.066,0.165
4.068,0.105
4.07,0.145
4.072,0.14
4.074,0.13
4.076,0.15
4.078,0.21
4.08,0.245
4.082,0.205
4.084,0.17
4.086,0.2
4.088,0.155
4.09,0.175
4.092,0.175
4.094,0.19
4.096,0.19
4.098,0.205
4.1,0.37
4.102,0.355
4.104,0.33
4.106,0.245
4.108,0.125
4.11,0.16
4.112,0.155
4.114,0.25
4.116,0.195
4.118,0.265
4.12,0.29
4.122,0.28
4.124,0.29
4.126,0.22
4.128,0.17
4.13,0.105
4.132,0.19
4.134,0.16
4.136,0.22
4.138,0.205
4.14,0.145
4.142,0.135
4.144,0.255
4.146,0.145
4.148,0.065
4.15,0.03
4.152,0.015
4.154,0.06
4.156,0.125
4.158,0.14
4.16,0.07
4.162,0.055
4.164,0.045
4.166,-0.005
4.168,0.02
4.17,-0.045
4.172,-0.115
4.174,-0.03
4.176,0.065
4.178,0.105
4.18,0.04
4.182,-0.06
4.184,-0.08
4.186,-0.09
4.188,0
4.19,0
4.192,-0.1
4.194,-0.09
4.196,-0.06
4.198,-0.11
4.2,0
4.202,0.075
4.204,0.01
4.206,-0.045
4.208,-0.055
4.21,-0.05
4.212,-0.05
4.214,-0.03
4.216,0.015
4.218,0.025
4.22,-0.08
4.222,-0.085
4.224,-0.005
4.226,-0.055
4.228,-0.095
4.23,-0.065
4.232,-0.01
4.234,0
4.236,-0.01
4.238,-0.015
4.24,-0.04
4.242,-0.075
4.244,-0.04
4.246,-0.12
4.248,-0.25
4.25,-0.29
4.252,0.015
4.254,-0.04
4.256,-0.06
4.258,0.06
4.26,0.065
4.262,-0.025
4.264,-0.035
4.266,-0.045
4.268,-0.12
4.27,-0.055
4.272,-0.005
4.274,-0.01
4.276,0
4.278,0.04
4.28,0.095
4.282,-0.035
4.284,-0.105
4.286,-0.175
4.288,-0.18
4.29,-0.185
4.292,0
4.294,0.035
4.296,0.025
4.298,0.025
4.3,0.045
4.302,0.115
4.304,0.06
4.306,-0.05
4.308,-0.095
4.31,-0.12
4.312,-0.095
4.314,-0.015
4.316,-0.025
4.318,-0.055
4.32,-0.12
4.322,-0.095
4.324,-0.045
4.326,-0.11
4.328,0
4.33,-0.095
4.332,-0.025
4.334,-0.01
4.336,-0.035
4.338,0
4.34,-0.06
4.342,-0.105
4.344,-0.05
4.346,-0.04
4.348,-0.155
4.35,-0.13
4.352,-0.03
4.354,-0.015
4.356,0.095
4.358,0.005
4.36,-0.07
4.362,-0.01
4.364,-0.05
4.366,-0.055
4.368,-0.08
4.37,-0.095
4.372,-0.02
4.374,-0.045
4.376,-0.02
4.378,-0.005
4.38,0.06
4.382,0.04
4.384,-0.02
4.386,-0.11
4.388,-0.345
4.39,-0.34
4.392,0.05
4.394,0.065
4.396,-0.05
4.398,-0.06
4.4,-0.045
4.402,-0.02
4.404,-0.06
4.406,-0.085
4.408,-0.06
4.41,-0.08
4.412,-0.055
4.414,-0.01
4.416,0.045
4.418,0.045
4.42,-0.015
4.422,-0.04
4.424,-0.025
4.426,-0.055
4.428,-0.12
4.43,-0.075
4.432,-0.045
4.434,-0.045
4.436,-0.1
4.438,-0.035
4.44,0.04
4.442,0.07
4.444,-0.02
4.446,-0.07
4.448,-0.13
4.45,-0.01
4.452,0.055
4.454,0.005
4.456,0
4.458,0.025
4.46,0.07
4.462,0.045
4.464,0.005
4.466,0.04
4.468,0.02
4.47,-0.055
4.472,-0.045
4.474,0.09
4.476,0.1
4.478,0.045
4.48,-0.08
4.482,-0.085
4.484,-0.075
4.486,-0.21
4.488,-0.225
4.49,-0.18
4.492,-0.045
4.494,0.06
4.496,-0.065
4.498,0.02
4.5,0
4.502,-0.045
4.504,-0.08
4.506,-0.06
4.508,-0.125
4.51,-0.115
4.512,0
4.514,-0.035
4.516,-0.11
4.518,-0.105
4.52,-0.095
4.522,-0.075
4.524,-0.08
4.526,-0.105
4.528,-0.12
4.53,-0.07
4.532,-0.085
4.534,0.01
4.536,-0.065
4.538,-0.05
4.54,-0.02
4.542,-0.055
4.544,-0.175
4.546,-0.205
4.548,-0.145
4.55,-0.11
4.552,-0.045
4.554,-0.045
4.556,0.015
4.558,0.035
4.56,0.01
4.562,-0.145
4.564,-0.23
4.566,-0.3
4.568,-0.09
4.57,0.045
4.572,-0.055
4.574,-0.075
4.576,-0.06
4.578,-0.05
4.58,-0.045
4.582,-0.025
4.584,-0.135
4.586,-0.07
4.588,-0.02
4.59,0.215
4.592,0.285
4.594,0.345
4.596,0.5
4.598,0.625
4.6,0.685
4.602,0.73
4.604,0.685
4.606,0.68
4.608,0.665
4.61,0.65
4.612,0.505
4.614,0.345
4.616,0.325
4.618,0.345
4.62,0.16
4.622,-0.02
4.624,-0.145
4.626,-0.2
4.628,-0.245
4.63,-0.325
4.632,-0.21
4.634,-0.015
4.636,0.05
4.638,0.07
4.64,0.055
4.642,-0.035
4.644,-0.045
4.646,-0.05
4.648,0
4.65,-0.055
4.652,-0.1
4.654,-0.155
4.656,0.015
4.658,0.09
4.66,0.065
4.662,-0.045
4.664,-0.105
4.666,-0.09
4.668,-0.075
4.67,-0.04
4.672,0.005
4.674,0.085
4.676,0.01
4.678,-0.01
4.68,-0.035
4.682,-0.04
4.684,0
4.686,-0.075
4.688,-0.09
4.69,-0.015
4.692,0.005
4.694,-0.01
4.696,0.04
4.698,0.06
4.7,0.035
4.702,-0.015
4.704,-0.085
4.706,-0.095
4.708,-0.14
4.71,-0.065
4.712,0.04
4.714,0.03
4.716,0.07
4.718,0.11
4.72,0.095
4.722,0.02
4.724,-0.095
4.726,-0.105
4.728,-0.085
4.73,0.11
4.732,0.1
4.734,0.115
4.736,0.125
4.738,0.105
4.74,0.065
4.742,-0.03
4.744,-0.08
4.746,-0.045
4.748,0.03
4.75,0.095
4.752,0.15
4.754,0.115
4.756,0.08
4.758,0.09
4.76,0.05
4.762,-0.015
4.764,-0.045
4.766,-0.015
4.768,0.05
4.77,0.07
4.772,0.225
4.774,0.235
4.776,0.155
4.778,0.175
4.78,0.115
4.782,0.07
4.784,0.13
4.786,0.135
4.788,0.07
4.79,0.125
4.792,0.225
4.794,0.265
4.796,0.24
4.798,0.19
4.8,0.195
4.802,0.11
4.804,0.095
4.806,0.135
4.808,0.24
4.81,0.305
4.812,0.285
4.814,0.34
4.816,0.34
4.818,0.195
4.82,0.195
4.822,0.22
4.824,0.165
4.826,0.1
4.828,0.215
4.83,0.325
4.832,0.3
4.834,0.305
4.836,0.165
4.838,0.245
4.84,0.22
4.842,0.225
4.844,0.145
4.846,0.095
4.848,0.16
4.85,0.18
4.852,0.175
4.854,0.19
4.856,0.125
4.858,0.14
4.86,0.145
4.862,0.055
4.864,-0.005
4.866,0.005
4.868,0.095
4.87,0.125
4.872,0.115
4.874,0.115
4.876,0.115
4.878,0.04
4.88,-0.045
4.882,-0.045
4.884,0.03
4.886,-0.065
4.888,-0.015
4.89,0.035
4.892,0.11
4.894,0.075
4.896,0.035
4.898,0.01
4.9,-0.115
4.902,-0.115
4.904,-0.085
4.906,0.045
4.908,0
4.91,-0.01
4.912,0.005
4.914,0.065
4.916,-0.005
4.918,-0.11
4.92,-0.145
4.922,-0.135
4.924,-0.13
4.926,-0.13
4.928,-0.07
4.93,-0.025
4.932,0.01
4.934,-0.035
4.936,-0.01
4.938,-0.01
4.94,-0.02
4.942,0.01
4.944,-0.105
4.946,-0.06
4.948,-0.07
4.95,-0.035
4.952,0.07
4.954,-0.065
4.956,0.055
4.958,0.095
4.96,0.015
4.962,-0.09
4.964,-0.075
4.966,-0.09
4.968,-0.095
4.97,-0.04
4.972,-0.025
4.974,0.01
4.976,0.045
4.978,0
4.98,-0.095
4.982,-0.1
4.984,-0.135
4.986,-0.12
4.988,-0.105
4.99,-0.035
4.992,-0.055
4.994,-0.08
4.996,-0.02
4.998,-0.075
5,-0.13
5.002,-0.05
5.004,-0.06
5.006,-0.095
5.008,-0.085
5.01,0.05
5.012,0.1
5.014,0.03
5.016,0.015
5.018,0.01
5.02,-0.14
5.022,-0.145
5.024,-0.095
5.026,-0.005
5.028,0.045
5.03,0.07
5.032,0.02
5.034,-0.02
5.036,0.02
5.038,0.005
5.04,-0.03
5.042,-0.055
5.044,-0.07
5.046,-0.075
5.048,-0.075
5.05,-0.095
5.052,-0.085
5.054,0.04
5.056,0.03
5.058,-0.045
5.06,-0.1
5.062,-0.095
5.064,-0.065
5.066,-0.075
5.068,-0.105
5.07,-0.03
5.072,0.025
5.074,-0.06
5.076,-0.08
5.078,0.005
5.08,0.02
5.082,-0.065
5.084,-0.085
5.086,-0.04
5.088,-0.08
5.09,-0.025
5.092,-0.07
5.094,-0.03
5.096,-0.02
5.098,-0.065
5.1,-0.085
5.102,-0.075
5.104,-0.155
5.106,-0.065
5.108,-0.015
5.11,0.005
5.112,0.03
5.114,-0.08
5.116,-0.1
5.118,-0.06
5.12,-0.09
5.122,-0.04
5.124,-0.025
5.126,-0.045
5.128,0.005
5.13,-0.015
5.132,0.005
5.134,-0.035
5.136,-0.055
5.138,-0.03
5.14,-0.05
5.142,-0.085
5.144,-0.095
5.146,0.01
5.148,-0.095
5.15,-0.165
5.152,-0.005
5.154,0.075
5.156,0.01
5.158,-0.05
5.16,-0.04
5.162,-0.085
5.164,-0.095
5.166,-0.085
5.168,-0.065
5.17,0.065
5.172,0.125
5.174,0.15
5.176,0.08
5.178,-0.08
5.18,-0.07
5.182,-0.03
5.184,-0.03
5.186,-0.03
5.188,-0.025
5.19,0.045
5.192,-0.03
5.194,-0.025
5.196,-0.03
5.198,-0.03
5.2,-0.075
5.202,-0.11
5.204,-0.07
5.206,-0.025
5.208,0.035
5.21,0.01
5.212,-0.06
5.214,-0.02
5.216,-0.025
5.218,-0.12
5.22,-0.17
5.222,-0.21
5.224,-0.195
5.226,-0.09
5.228,-0.04
5.23,0
5.232,0.01
5.234,-0.035
5.236,-0.05
5.238,-0.09
5.24,-0.115
5.242,-0.12
5.244,-0.145
5.246,-0.13
5.248,-0.085
5.25,0.045
5.252,0.015
5.254,-0.05
5.256,-0.095
5.258,-0.075
5.26,-0.18
5.262,-0.135
5.264,-0.045
5.266,-0.07
5.268,-0.065
5.27,-0.01
5.272,0.015
5.274,0.05
5.276,0.015
5.278,-0.08
5.28,-0.13
5.282,-0.155
5.284,-0.14
5.286,-0.15
5.288,-0.125
5.29,-0.075
5.292,-0.105
5.294,-0.175
5.296,-0.095
5.298,-0.12
5.3,-0.175
5.302,-0.15
5.304,-0.115
5.306,0.11
5.308,0.245
5.31,0.275
5.312,0.425
5.314,0.475
5.316,0.535
5.318,0.63
5.32,0.705
5.322,0.71
5.324,0.7
5.326,0.675
5.328,0.705
5.33,0.62
5.332,0.47
5.334,0.3
5.336,0.28
5.338,0.115
5.34,-0.05
5.342,-0.185
5.344,-0.175
5.346,-0.2
5.348,-0.165
5.35,-0.045
5.352,-0.055
5.354,-0.085
5.356,-0.07
5.358,-0.045
5.36,0.005
5.362,-0.055
5.364,-0.055
5.366,-0.07
5.368,-0.025
5.37,0.03
5.372,0
5.374,-0.035
5.376,-0.12
5.378,-0.28
5.38,-0.23
5.382,-0.015
5.384,0.005
5.386,-0.02
5.388,0.005
5.39,0.01
5.392,-0.02
5.394,-0.035
5.396,-0.045
5.398,-0.08
5.4,-0.145
5.402,-0.13
5.404,-0.055
5.406,0.04
5.408,0.05
5.41,0.065
5.412,0.045
5.414,-0.02
5.416,-0.055
5.418,-0.095
5.42,-0.085
5.422,-0.045
5.424,-0.035
5.426,-0.045
5.428,0.005
5.43,0.105
5.432,-0.035
5.434,-0.02
5.436,0.03
5.438,-0.055
5.44,-0.08
5.442,-0.08
5.444,-0.065
5.446,-0.015
5.448,0.005
5.45,-0.06
5.452,-0.105
5.454,0.115
5.456,0.1
5.458,0.045
5.46,-0.01
5.462,-0.045
5.464,0.01
5.466,0.065
5.468,0.075
5.47,0.09
5.472,0.095
5.474,0.02
5.476,-0.05
5.478,-0.005
5.48,0.05
5.482,-0.055
5.484,-0.05
5.486,0.1
5.488,0.15
5.49,0.09
5.492,0.115
5.494,0.035
5.496,0.08
5.498,0.07
5.5,0.08
5.502,0.075
5.504,0.07
5.506,0.16
5.508,0.215
5.51,0.215
5.512,0.19
5.514,0.125
5.516,0.065
5.518,0.105
5.52,0.15
5.522,0.16
5.524,0.2
5.526,0.275
5.528,0.315
5.53,0.265
5.532,0.195
5.534,0.16
5.536,0.115
5.538,0.075
5.54,0.145
5.542,0.235
5.544,0.26
5.546,0.28
5.548,0.305
5.55,0.255
5.552,0.27
5.554,0.23
5.556,0.14
5.558,0.105
5.56,0.115
5.562,0.035
5.564,-0.035
5.566,0.025
5.568,0.315
5.57,0.285
5.572,0.165
5.574,0.17
5.576,0.145
5.578,0.05
5.58,0.02
5.582,0.025
5.584,0.045
5.586,0.055
5.588,0.015
5.59,-0.01
5.592,0.045
5.594,-0.02
5.596,-0.02
5.598,-0.115
5.6,-0.04
5.602,-0.025
5.604,0.04
5.606,0
5.608,-0.05
5.61,-0.1
5.612,-0.065
5.614,-0.015
5.616,-0.15
5.618,-0.03
5.62,-0.025
5.622,-0.08
5.624,-0.065
5.626,0.005
5.628,-0.03
5.63,-0.01
5.632,-0.01
5.634,-0.045
5.636,-0.05
5.638,-0.11
5.64,-0.13
5.642,-0.185
5.644,-0.115
5.646,-0.035
5.648,0
5.65,0.05
5.652,-0.12
5.654,-0.055
5.656,-0.055
5.658,-0.11
5.66,-0.185
5.662,-0.135
5.664,-0.05
5.666,-0.035
5.668,-0.205
5.67,-0.17
5.672,0.075
5.674,0.095
5.676,-0.055
5.678,-0.13
5.68,-0.13
5.682,-0.105
5.684,-0.1
5.686,0.03
5.688,0.02
5.69,-0.11
5.692,-0.055
5.694,-0.105
5.696,-0.08
5.698,-0.065
5.7,-0.045
5.702,-0.015
5.704,-0.025
5.706,-0.055
5.708,-0.015
5.71,0
5.712,-0.03
5.714,-0.085
5.716,-0.13
5.718,-0.125
5.72,-0.115
5.722,-0.06
5.724,-0.015
5.726,0.035
5.728,0.03
5.73,-0.01
5.732,-0.11
5.734,-0.16
5.736,-0.095
5.738,-0.105
5.74,-0.09
5.742,-0.13
5.744,-0.08
5.746,0.085
5.748,0.085
5.75,0.06
5.752,-0.045
5.754,-0.065
5.756,-0.045
5.758,-0.11
5.76,-0.215
5.762,-0.295
5.764,-0.085
5.766,0.11
5.768,0.14
5.77,0.075
5.772,-0.01
5.774,-0.085
5.776,-0.05
5.778,-0.055
5.78,-0.13
5.782,-0.105
5.784,-0.08
5.786,-0.03
5.788,0.05
5.79,-0.005
5.792,-0.03
5.794,-0.125
5.796,-0.105
5.798,-0.06
5.8,-0.105
5.802,-0.18
5.804,-0.19
5.806,0.04
5.808,0.03
5.81,-0.005
5.812,0
5.814,-0.07
5.816,-0.12
5.818,-0.17
5.82,-0.2
5.822,-0.115
5.824,-0.015
5.826,0
5.828,-0.045
5.83,-0.035
5.832,0.045
5.834,0.005
5.836,-0.075
5.838,-0.135
5.84,-0.14
5.842,-0.2
5.844,-0.125
5.846,0.055
5.848,0.075
5.85,0.045
5.852,0.015
5.854,-0.04
5.856,-0.105
5.858,-0.145
5.86,-0.155
5.862,-0.18
5.864,-0.035
5.866,-0.005
5.868,0.035
5.87,-0.02
5.872,-0.085
5.874,-0.125
5.876,-0.02
5.878,0.03
5.88,-0.205
5.882,-0.305
5.884,-0.01
5.886,0.13
5.888,0.09
5.89,0
5.892,-0.05
5.894,-0.09
5.896,-0.05
5.898,-0.08
5.9,-0.07
5.902,-0.03
5.904,-0.035
5.906,0.09
5.908,0.11
5.91,0.07
5.912,0.03
5.914,-0.05
5.916,-0.1
5.918,-0.12
5.92,0.005
5.922,0
5.924,0
5.926,0.02
5.928,0.055
5.93,0.01
5.932,-0.11
5.934,-0.135
5.936,-0.135
5.938,-0.075
5.94,-0.06
5.942,-0.085
5.944,-0.025
5.946,0.015
5.948,-0.165
5.95,-0.265
5.952,-0.065
5.954,-0.01
5.956,-0.045
5.958,-0.015
5.96,-0.1
5.962,-0.11
5.964,-0.07
5.966,-0.045
5.968,0.02
5.97,-0.115
5.972,-0.16
5.974,-0.05
5.976,-0.08
5.978,-0.115
5.98,-0.115
5.982,-0.065
5.984,-0.055
5.986,-0.04
5.988,-0.03
5.99,-0.035
5.992,-0.1
5.994,-0.2
5.996,-0.24
5.998,-0.19
6,-0.07
6.002,-0.025
6.004,-0.04
6.006,-0.01
6.008,-0.05
6.01,-0.1
6.012,-0.08
6.014,-0.01
6.016,-0.095
6.018,-0.225
6.02,-0.29
6.022,-0.26
6.024,-0.175
6.026,-0.02
6.028,0.025
6.03,-0.09
6.032,-0.11
6.034,-0.115
6.036,-0.185
6.038,-0.175
6.04,-0.09
6.042,0.01
6.044,0.07
6.046,0.115
6.048,0.24
6.05,0.32
6.052,0.34
6.054,0.47
6.056,0.51
6.058,0.585
6.06,0.585
6.062,0.76
6.064,0.84
6.066,0.775
6.068,0.685
6.07,0.545
6.072,0.385
6.074,0.205
6.076,0.12
6.078,0.015
6.08,-0.05
6.082,-0.105
6.084,-0.09
6.086,-0.125
6.088,-0.155
6.09,-0.145
6.092,-0.115
6.094,-0.145
6.096,-0.05
6.098,-0.035
6.1,-0.05
6.102,-0.09
6.104,-0.05
6.106,0.035
6.108,0.06
6.11,-0.015
6.112,-0.11
6.114,-0.115
6.116,-0.095
6.118,-0.115
6.12,-0.045
6.122,0.105
6.124,-0.05
6.126,-0.105
6.128,0.04
6.13,-0.025
6.132,-0.075
6.134,-0.125
6.136,-0.16
6.138,-0.14
6.14,-0.07
6.142,-0.085
6.144,-0.065
6.146,0.035
6.148,-0.01
6.15,-0.115
6.152,-0.1
6.154,-0.14
6.156,-0.17
6.158,-0.095
6.16,-0.015
6.162,0.03
6.164,0.015
6.166,-0.06
6.168,0.005
6.17,-0.105
6.172,-0.07
6.174,-0.12
6.176,-0.11
6.178,0.04
6.18,0.065
6.182,0.025
6.184,0.095
6.186,0.085
6.188,0.01
6.19,-0.01
6.192,-0.02
6.194,-0.07
6.196,-0.08
6.198,-0.13
6.2,-0.045
6.202,0.07
6.204,0.015
6.206,0.04
6.208,0.02
6.21,0.02
6.212,-0.015
6.214,0.005
6.216,-0.07
6.218,-0.015
6.22,0.07
6.222,0.075
6.224,0.08
6.226,0.075
6.228,0.05
6.23,-0.055
6.232,-0.02
6.234,0.06
6.236,0.035
6.238,0.1
6.24,0.125
6.242,0.16
6.244,0.15
6.246,0.125
6.248,0.085
6.25,0.065
6.252,0.17
6.254,0.125
6.256,0.18
6.258,0.11
6.26,0.16
6.262,0.23
6.264,0.21
6.266,0.13
6.268,0.245
6.27,0.23
6.272,0.205
6.274,0.185
6.276,0.13
6.278,0.165
6.28,0.19
6.282,0.23
6.284,0.225
6.286,0.17
6.288,0.215
6.29,0.24
6.292,0.175
6.294,0.135
6.296,0.105
6.298,0.175
6.3,0.12
6.302,0.205
6.304,0.215
6.306,0.105
6.308,0.14
6.31,0.145
6.312,0.09
6.314,0.055
6.316,0.1
6.318,0.075
6.32,0.07
6.322,0.065
6.324,0.095
6.326,0.135
6.328,0.035
6.33,-0.115
6.332,-0.12
6.334,-0.075
6.336,-0.065
6.338,0.015
6.34,0.015
6.342,-0.02
6.344,0.02
6.346,-0.005
6.348,0.015
6.35,-0.04
6.352,-0.085
6.354,-0.21
6.356,-0.215
6.358,-0.01
6.36,0.06
6.362,0.01
6.364,0.045
6.366,0.055
6.368,-0.08
6.37,-0.135
6.372,-0.17
6.374,-0.21
6.376,-0.175
6.378,-0.14
6.38,-0.105
6.382,-0.02
6.384,0.03
6.386,-0.015
6.388,-0.04
6.39,-0.125
6.392,-0.105
6.394,-0.095
6.396,-0.12
6.398,-0.11
6.4,-0.095
6.402,-0.105
6.404,-0.035
6.406,-0.045
6.408,-0.015
6.41,-0.18
6.412,-0.135
6.414,-0.085
6.416,-0.02
6.418,-0.115
6.42,-0.15
6.422,-0.07
6.424,-0.05
6.426,-0.01
6.428,0
6.43,-0.105
6.432,-0.105
6.434,-0.09
6.436,-0.135
6.438,-0.065
6.44,-0.12
6.442,-0.07
6.444,-0.025
6.446,0.075
6.448,-0.05
6.45,-0.13
6.452,-0.14
6.454,-0.135
6.456,-0.14
6.458,-0.105
6.46,-0.075
6.462,-0.025
6.464,0.035
6.466,-0.215
6.468,-0.145
6.47,-0.11
6.472,-0.085
6.474,-0.065
6.476,-0.105
6.478,-0.12
6.48,-0.055
6.482,0.02
6.484,0.03
6.486,-0.035
6.488,-0.06
6.49,-0.105
6.492,0.01
6.494,-0.15
6.496,-0.095
6.498,0.005
6.5,-0.035
6.502,-0.085
6.504,-0.04
6.506,-0.125
6.508,-0.06
6.51,-0.075
6.512,-0.055
6.514,-0.09
6.516,-0.05
6.518,-0.025
6.52,-0.08
6.522,-0.16
6.524,-0.205
6.526,-0.12
6.528,-0.095
6.53,-0.06
6.532,-0.055
6.534,-0.09
6.536,-0.04
6.538,-0.02
6.54,-0.015
6.542,-0.04
6.544,-0.085
6.546,-0.15
6.548,-0.13
6.55,-0.02
6.552,-0.115
6.554,-0.065
6.556,-0.075
6.558,-0.095
6.56,-0.045
6.562,0.01
6.564,-0.05
6.566,-0.09
6.568,-0.135
6.57,-0.08
6.572,-0.06
6.574,-0.02
6.576,-0.255
6.578,-0.18
6.58,-0.03
6.582,-0.005
6.584,0.03
6.586,-0.1
6.588,-0.175
6.59,-0.16
6.592,-0.175
6.594,-0.135
6.596,-0.075
6.598,-0.125
6.6,-0.08
6.602,-0.045
6.604,-0.07
6.606,-0.035
6.608,-0.04
6.61,-0.005
6.612,-0.08
6.614,-0.16
6.616,-0.145
6.618,-0.145
6.62,-0.075
6.622,-0.065
6.624,-0.05
6.626,-0.06
6.628,-0.09
6.63,-0.11
6.632,-0.145
6.634,-0.165
6.636,-0.105
6.638,-0.025
6.64,-0.01
6.642,-0.025
6.644,-0.045
6.646,-0.08
6.648,-0.13
6.65,-0.13
6.652,-0.24
6.654,-0.205
6.656,-0.195
6.658,-0.215
6.66,-0.07
6.662,0.05
6.664,0.03
6.666,0.035
6.668,-0.055
6.67,-0.05
6.672,-0.1
6.674,-0.115
6.676,-0.17
6.678,-0.165
6.68,0.01
6.682,0.075
6.684,-0.015
6.686,-0.015
6.688,-0.1
6.69,-0.155
6.692,-0.12
6.694,-0.115
6.696,-0.095
6.698,-0.055
6.7,-0.005
6.702,0.02
6.704,-0.015
6.706,-0.045
6.708,-0.13
6.71,-0.155
6.712,-0.095
6.714,-0.08
6.716,-0.095
6.718,-0.005
6.72,0.045
6.722,0.02
6.724,0
6.726,-0.005
6.728,-0.005
6.73,-0.075
6.732,-0.15
6.734,-0.18
6.736,-0.19
6.738,-0.135
